{"cameraMode":{"drawMode":0,"name":"Shaded","section":"Shading Mode"},"sceneLighting":true,"audioPlay":false,"sceneViewState":{"m_AlwaysRefresh":true,"showFog":true,"showSkybox":true,"showFlares":true,"showImageEffects":true,"showParticleSystems":true,"showVisualEffectGraphs":true,"m_FxEnabled":true},"in2DMode":false,"pivot":{"x":1125.8216552734375,"y":37.726558685302737,"z":-323.8756103515625},"rotation":{"x":0.32732489705085757,"y":-0.20880065858364106,"z":0.07436896860599518,"w":0.9185917377471924},"size":0.8660253882408142,"orthographic":false}