{"cameraMode":{"drawMode":0,"name":"Shaded","section":"Shading Mode"},"sceneLighting":true,"audioPlay":false,"sceneViewState":{"m_AlwaysRefresh":true,"showFog":true,"showSkybox":true,"showFlares":true,"showImageEffects":true,"showParticleSystems":true,"showVisualEffectGraphs":true,"m_FxEnabled":true},"in2DMode":false,"pivot":{"x":351.6390380859375,"y":229.6179656982422,"z":-185.61480712890626},"rotation":{"x":-0.029019633308053018,"y":0.9708009958267212,"z":0.04870723560452461,"w":0.2398441880941391},"size":1.1925185918807984,"orthographic":false}