{"cameraMode":{"drawMode":0,"name":"Shaded","section":"Shading Mode"},"sceneLighting":true,"audioPlay":false,"sceneViewState":{"m_AlwaysRefresh":true,"showFog":true,"showSkybox":true,"showFlares":true,"showImageEffects":true,"showParticleSystems":true,"showVisualEffectGraphs":true,"m_FxEnabled":true},"in2DMode":false,"pivot":{"x":947.2723999023438,"y":360.81695556640627,"z":689.9137573242188},"rotation":{"x":-0.06221110001206398,"y":0.28614941239356997,"z":0.00185648282058537,"w":0.9561671018600464},"size":527.0072021484375,"orthographic":false}