{"cameraMode":{"drawMode":0,"name":"Shaded","section":"Shading Mode"},"sceneLighting":true,"audioPlay":false,"sceneViewState":{"m_AlwaysRefresh":true,"showFog":true,"showSkybox":true,"showFlares":true,"showImageEffects":true,"showParticleSystems":true,"showVisualEffectGraphs":true,"m_FxEnabled":true},"in2DMode":false,"pivot":{"x":359.93719482421877,"y":231.59153747558595,"z":-182.0133819580078},"rotation":{"x":-0.013802887871861458,"y":0.8612557649612427,"z":0.023544486612081529,"w":0.5074764490127564},"size":1.2478115558624268,"orthographic":false}