{"cameraMode":{"drawMode":0,"name":"Shaded","section":"Shading Mode"},"sceneLighting":true,"audioPlay":false,"sceneViewState":{"m_AlwaysRefresh":true,"showFog":true,"showSkybox":true,"showFlares":true,"showImageEffects":true,"showParticleSystems":true,"showVisualEffectGraphs":true,"m_FxEnabled":true},"in2DMode":false,"pivot":{"x":3.0705628395080568,"y":-3.9014930725097658,"z":16.36202621459961},"rotation":{"x":0.2687799334526062,"y":0.11732066422700882,"z":-0.03292712941765785,"w":0.9554951786994934},"size":10.842885971069336,"orthographic":false}