{"cameraMode":{"drawMode":0,"name":"Shaded","section":"Shading Mode"},"sceneLighting":true,"audioPlay":false,"sceneViewState":{"m_AlwaysRefresh":true,"showFog":true,"showSkybox":true,"showFlares":true,"showImageEffects":true,"showParticleSystems":true,"showVisualEffectGraphs":true,"m_FxEnabled":true},"in2DMode":false,"pivot":{"x":10.255195617675782,"y":3.7440900802612306,"z":-31.35525894165039},"rotation":{"x":0.12445662915706635,"y":-0.5618705749511719,"z":0.08591270446777344,"w":0.8133941888809204},"size":2.276191234588623,"orthographic":false}