{"cameraMode":{"drawMode":0,"name":"Shaded","section":"Shading Mode"},"sceneLighting":true,"audioPlay":false,"sceneViewState":{"m_AlwaysRefresh":true,"showFog":true,"showSkybox":true,"showFlares":true,"showImageEffects":true,"showParticleSystems":true,"showVisualEffectGraphs":true,"m_FxEnabled":true},"in2DMode":false,"pivot":{"x":360.5041809082031,"y":228.2428741455078,"z":-185.5979766845703},"rotation":{"x":0.043886780738830569,"y":0.8485399484634399,"z":-0.07116489112377167,"w":0.5225275754928589},"size":1.7637550830841065,"orthographic":false}